{
  "summary": [
    {
      "suite": "a1_e3_ood_branching3_eval",
      "packet_count": 263,
      "mean_packet_count": 4.6273764258555135,
      "mean_tree_depth": 2.9809885931558937,
      "oracle_deadline_miss_rate": 1.0,
      "on_time_feasible_fraction": 0.0,
      "oracle_initial_slack_p50": -28.717275631597552,
      "oracle_initial_slack_p95": -14.487175581023394,
      "oracle_cost_p50": 42.60188384465529,
      "oracle_cost_p95": 64.74716334720588,
      "fully_feasible_episode_fraction": 0.0,
      "any_feasible_episode_fraction": 0.0,
      "oracle_episode_miss_rate": 1.0,
      "config_path": "configs/experiments/a1_e3_ood_branching3_eval.yaml",
      "split": "test",
      "manifest_hash": "b4b591a1caa521afeb06c871e25ceda1436bf75f198a15ef2e9cf77e29d58df1"
    },
    {
      "suite": "a1_e3_ood_deeper_packets6_eval",
      "packet_count": 251,
      "mean_packet_count": 4.434262948207171,
      "mean_tree_depth": 3.9800796812749004,
      "oracle_deadline_miss_rate": 1.0,
      "on_time_feasible_fraction": 0.0,
      "oracle_initial_slack_p50": -40.14395761930318,
      "oracle_initial_slack_p95": -21.542319611630845,
      "oracle_cost_p50": 53.1185863478947,
      "oracle_cost_p95": 76.90122993862114,
      "fully_feasible_episode_fraction": 0.0,
      "any_feasible_episode_fraction": 0.0,
      "oracle_episode_miss_rate": 1.0,
      "config_path": "configs/experiments/a1_e3_ood_deeper_packets6_eval.yaml",
      "split": "test",
      "manifest_hash": "57c890c833f05b179f3e5b0609dca2638a0f352482f2870a5e5e20104c14209e"
    },
    {
      "suite": "a1_e3_ood_heavy_dynamic_eval",
      "packet_count": 349,
      "mean_packet_count": 6.203438395415473,
      "mean_tree_depth": 3.9226361031518624,
      "oracle_deadline_miss_rate": 1.0,
      "on_time_feasible_fraction": 0.0,
      "oracle_initial_slack_p50": -56.011928615021105,
      "oracle_initial_slack_p95": -37.14219737402299,
      "oracle_cost_p50": 68.67816583740466,
      "oracle_cost_p95": 97.26473705474352,
      "fully_feasible_episode_fraction": 0.0,
      "any_feasible_episode_fraction": 0.0,
      "oracle_episode_miss_rate": 1.0,
      "config_path": "configs/experiments/a1_e3_ood_heavy_dynamic_eval.yaml",
      "split": "test",
      "manifest_hash": "2c860980c74d91323ad86412fd6c5413773dcac33bdd2b64915e5621d68095e4"
    },
    {
      "suite": "e3_memory_hubs_rsm_round3_seed211",
      "packet_count": 89,
      "mean_packet_count": 2.6179775280898876,
      "mean_tree_depth": 2.9887640449438204,
      "oracle_deadline_miss_rate": 1.0,
      "on_time_feasible_fraction": 0.0,
      "oracle_initial_slack_p50": -20.455704079486434,
      "oracle_initial_slack_p95": -6.527606736054928,
      "oracle_cost_p50": 33.05613187006395,
      "oracle_cost_p95": 53.07613962222725,
      "fully_feasible_episode_fraction": 0.0,
      "any_feasible_episode_fraction": 0.0,
      "oracle_episode_miss_rate": 1.0,
      "config_path": "configs/experiments/e3_memory_hubs_rsm_round3_seed211.yaml",
      "split": "test",
      "manifest_hash": "da9092ac5f183308a58afeec9711461fe45c04414fd2a452f13e6068b6def4ed"
    }
  ],
  "traffic_breakdown": [
    {
      "suite": "a1_e3_ood_branching3_eval",
      "packet_count": 24,
      "oracle_deadline_miss_rate": 1.0,
      "on_time_feasible_fraction": 0.0,
      "oracle_initial_slack_mean": -25.818091629527,
      "oracle_cost_mean": 38.75867884163351
    },
    {
      "suite": "a1_e3_ood_branching3_eval",
      "packet_count": 39,
      "oracle_deadline_miss_rate": 1.0,
      "on_time_feasible_fraction": 0.0,
      "oracle_initial_slack_mean": -30.730035199990425,
      "oracle_cost_mean": 43.25273714127901
    },
    {
      "suite": "a1_e3_ood_branching3_eval",
      "packet_count": 44,
      "oracle_deadline_miss_rate": 1.0,
      "on_time_feasible_fraction": 0.0,
      "oracle_initial_slack_mean": -31.86872818982706,
      "oracle_cost_mean": 44.01463261114233
    },
    {
      "suite": "a1_e3_ood_branching3_eval",
      "packet_count": 60,
      "oracle_deadline_miss_rate": 1.0,
      "on_time_feasible_fraction": 0.0,
      "oracle_initial_slack_mean": -30.846187767999464,
      "oracle_cost_mean": 44.263237687850754
    },
    {
      "suite": "a1_e3_ood_branching3_eval",
      "packet_count": 96,
      "oracle_deadline_miss_rate": 1.0,
      "on_time_feasible_fraction": 0.0,
      "oracle_initial_slack_mean": -32.552942649744274,
      "oracle_cost_mean": 45.50789507165786
    },
    {
      "suite": "a1_e3_ood_deeper_packets6_eval",
      "packet_count": 26,
      "oracle_deadline_miss_rate": 1.0,
      "on_time_feasible_fraction": 0.0,
      "oracle_initial_slack_mean": -40.13827812908444,
      "oracle_cost_mean": 53.59050420287073
    },
    {
      "suite": "a1_e3_ood_deeper_packets6_eval",
      "packet_count": 45,
      "oracle_deadline_miss_rate": 1.0,
      "on_time_feasible_fraction": 0.0,
      "oracle_initial_slack_mean": -37.956841427250076,
      "oracle_cost_mean": 52.34868953104
    },
    {
      "suite": "a1_e3_ood_deeper_packets6_eval",
      "packet_count": 50,
      "oracle_deadline_miss_rate": 1.0,
      "on_time_feasible_fraction": 0.0,
      "oracle_initial_slack_mean": -39.697386975755684,
      "oracle_cost_mean": 53.71103046047878
    },
    {
      "suite": "a1_e3_ood_deeper_packets6_eval",
      "packet_count": 52,
      "oracle_deadline_miss_rate": 1.0,
      "on_time_feasible_fraction": 0.0,
      "oracle_initial_slack_mean": -40.281645701100075,
      "oracle_cost_mean": 52.859643002379464
    },
    {
      "suite": "a1_e3_ood_deeper_packets6_eval",
      "packet_count": 78,
      "oracle_deadline_miss_rate": 1.0,
      "on_time_feasible_fraction": 0.0,
      "oracle_initial_slack_mean": -43.94237312481642,
      "oracle_cost_mean": 56.97523510288091
    },
    {
      "suite": "a1_e3_ood_heavy_dynamic_eval",
      "packet_count": 15,
      "oracle_deadline_miss_rate": 1.0,
      "on_time_feasible_fraction": 0.0,
      "oracle_initial_slack_mean": -48.646942853990986,
      "oracle_cost_mean": 63.60419724489118
    },
    {
      "suite": "a1_e3_ood_heavy_dynamic_eval",
      "packet_count": 16,
      "oracle_deadline_miss_rate": 1.0,
      "on_time_feasible_fraction": 0.0,
      "oracle_initial_slack_mean": -51.81170659884209,
      "oracle_cost_mean": 65.70574186913795
    },
    {
      "suite": "a1_e3_ood_heavy_dynamic_eval",
      "packet_count": 36,
      "oracle_deadline_miss_rate": 1.0,
      "on_time_feasible_fraction": 0.0,
      "oracle_initial_slack_mean": -51.77683882561707,
      "oracle_cost_mean": 64.88667377356586
    },
    {
      "suite": "a1_e3_ood_heavy_dynamic_eval",
      "packet_count": 40,
      "oracle_deadline_miss_rate": 1.0,
      "on_time_feasible_fraction": 0.0,
      "oracle_initial_slack_mean": -54.58035027125946,
      "oracle_cost_mean": 68.6363787416854
    },
    {
      "suite": "a1_e3_ood_heavy_dynamic_eval",
      "packet_count": 54,
      "oracle_deadline_miss_rate": 1.0,
      "on_time_feasible_fraction": 0.0,
      "oracle_initial_slack_mean": -57.38058058988339,
      "oracle_cost_mean": 71.46822355981305
    },
    {
      "suite": "a1_e3_ood_heavy_dynamic_eval",
      "packet_count": 84,
      "oracle_deadline_miss_rate": 1.0,
      "on_time_feasible_fraction": 0.0,
      "oracle_initial_slack_mean": -60.65775858412994,
      "oracle_cost_mean": 73.89892478671347
    },
    {
      "suite": "a1_e3_ood_heavy_dynamic_eval",
      "packet_count": 104,
      "oracle_deadline_miss_rate": 1.0,
      "on_time_feasible_fraction": 0.0,
      "oracle_initial_slack_mean": -57.76690071218078,
      "oracle_cost_mean": 71.32524013407453
    },
    {
      "suite": "e3_memory_hubs_rsm_round3_seed211",
      "packet_count": 3,
      "oracle_deadline_miss_rate": 1.0,
      "on_time_feasible_fraction": 0.0,
      "oracle_initial_slack_mean": -12.708746115014018,
      "oracle_cost_mean": 28.647760159444207
    },
    {
      "suite": "e3_memory_hubs_rsm_round3_seed211",