bucket,gpu_hours,share
exploit,0.61426870154,0.5032750439037273
explore,0.606274039414,0.49672495609627276
