experiment,bucket,gpu_hours,status,portfolio_share
A0-oracle-audit,exploit,0.0,completed,0.0
A1-E3-baseline,exploit,0.36592718925740986,completed,0.3158384559043221
A2-deadline-head,exploit,0.11770952933364444,completed,0.10159724962063595
A4-verifier-refine,exploit,0.07911762999163734,completed,0.06828787481487265
A3-multiheavy-followup,exploit,0.22461334804693855,completed,0.193867892589806
A3-path-reranker,exploit,0.10660791357358296,completed,0.0920152418260897
B1-hazard-memory,explore,0.26461411317189537,completed,0.22839328524427377
