experiment,bucket,gpu_hours,status,portfolio_share
A0-oracle-audit,exploit,0.0,completed,0.0
A1-E3-baseline,exploit,0.36592718925740986,completed,0.26646500058204176
A2-deadline-head,exploit,0.11770952933364444,completed,0.08571505677414291
A4-verifier-refine,exploit,0.07911762999163734,completed,0.05761277090274183
A3-multiheavy-followup,exploit,0.22461334804693855,completed,0.1635614889386082
A3-path-reranker,exploit,0.10660791357358296,completed,0.07763095661211462
A3-path-reranker-seed313,exploit,0.028074771033393637,killed-early,0.02044380439435313
A3-combined-multiheavy-reranker,exploit,0.18660099433528052,completed,0.13588122316099044
B1-hazard-memory,explore,0.26461411317189537,completed,0.19268969863500723
