{
  "prototype_memory_duallift": [
    {
      "split": "round11_feature_cache_seed315",
      "score_min": -4.063520908355713,
      "score_max": -1.2140929698944092,
      "score_mean": -2.531787157058716,
      "use_risk_branch": false
    },
    {
      "split": "round11_feature_cache_seed316",
      "score_min": -2.9618473052978516,
      "score_max": 0.8754794001579285,
      "score_mean": -0.9344996213912964,
      "use_risk_branch": false
    }
  ],
  "prototype_memory_duallift_hybrid": [
    {
      "split": "round11_feature_cache_seed315",
      "score_min": -10.957904815673828,
      "score_max": 2.4240448474884033,
      "score_mean": -4.368861198425293,
      "use_risk_branch": true
    },
    {
      "split": "round11_feature_cache_seed316",
      "score_min": -8.160658836364746,
      "score_max": 1.6264793872833252,
      "score_mean": -2.6327731609344482,
      "use_risk_branch": true
    }
  ]
}