{
  "prototype_memory_agree_blend": [
    {
      "split": "round11_feature_cache_seed315",
      "score_min": -3.4391584396362305,
      "score_max": 0.3142572343349457,
      "score_mean": -1.8670023679733276,
      "use_risk_branch": false
    },
    {
      "split": "round11_feature_cache_seed316",
      "score_min": -3.7441728115081787,
      "score_max": 0.23499715328216553,
      "score_mean": -2.2029333114624023,
      "use_risk_branch": false
    }
  ],
  "prototype_memory_agree_blend_hybrid": [
    {
      "split": "round11_feature_cache_seed315",
      "score_min": -8.853816986083984,
      "score_max": 1.8383156061172485,
      "score_mean": -3.4421963691711426,
      "use_risk_branch": true
    },
    {
      "split": "round11_feature_cache_seed316",
      "score_min": -6.451705455780029,
      "score_max": 1.4640944004058838,
      "score_mean": -1.9984577894210815,
      "use_risk_branch": true
    }
  ]
}