{
  "prototype_contrastive_evidence": [
    {
      "split": "round11_feature_cache_seed315",
      "score_min": -4.257665157318115,
      "score_max": 0.9457606077194214,
      "score_mean": -2.1528985500335693,
      "use_risk_branch": false
    },
    {
      "split": "round11_feature_cache_seed316",
      "score_min": -5.406589031219482,
      "score_max": 0.7887048125267029,
      "score_mean": -1.6118758916854858,
      "use_risk_branch": false
    }
  ],
  "prototype_contrastive_evidence_hybrid": [
    {
      "split": "round11_feature_cache_seed315",
      "score_min": -9.445009231567383,
      "score_max": 1.780274510383606,
      "score_mean": -3.3394041061401367,
      "use_risk_branch": true
    },
    {
      "split": "round11_feature_cache_seed316",
      "score_min": -8.039495468139648,
      "score_max": 2.024207592010498,
      "score_mean": -2.5899770259857178,
      "use_risk_branch": true
    }
  ]
}