{
  "prototype_sharpness_evidence": [
    {
      "split": "round11_feature_cache_seed315",
      "score_min": -7.942514896392822,
      "score_max": -1.2408850193023682,
      "score_mean": -3.9506430625915527,
      "use_risk_branch": false
    },
    {
      "split": "round11_feature_cache_seed316",
      "score_min": -4.960538387298584,
      "score_max": 1.5131014585494995,
      "score_mean": -2.359342098236084,
      "use_risk_branch": false
    }
  ],
  "prototype_sharpness_evidence_hybrid": [
    {
      "split": "round11_feature_cache_seed315",
      "score_min": -11.742179870605469,
      "score_max": -0.3080306053161621,
      "score_mean": -7.337313175201416,
      "use_risk_branch": true
    },
    {
      "split": "round11_feature_cache_seed316",
      "score_min": -5.710693359375,
      "score_max": 2.9526703357696533,
      "score_mean": -0.6317055225372314,
      "use_risk_branch": true
    }
  ]
}