{
  "prototype_top2_negative_tail_support_agree_mix": {
    "score_mean": -1.5491372346878052,
    "score_std": 1.289469838142395
  },
  "prototype_top2_negative_tail_support_agree_mix_hybrid": {
    "score_mean": -2.9998302459716797,
    "score_std": 2.43440842628479
  }
}
