{
  "prototype_budget_memory": [
    {
      "split": "round11_feature_cache_seed315",
      "score_min": -4.110222339630127,
      "score_max": -0.08027586340904236,
      "score_mean": -2.2898335456848145,
      "use_risk_branch": false
    },
    {
      "split": "round11_feature_cache_seed316",
      "score_min": -2.5263290405273438,
      "score_max": 1.94770348072052,
      "score_mean": 0.1498403549194336,
      "use_risk_branch": false
    }
  ],
  "prototype_budget_memory_hybrid": [
    {
      "split": "round11_feature_cache_seed315",
      "score_min": -10.02807331085205,
      "score_max": 0.9349722862243652,
      "score_mean": -4.729233264923096,
      "use_risk_branch": true
    },
    {
      "split": "round11_feature_cache_seed316",
      "score_min": -7.240347862243652,
      "score_max": 1.7562717199325562,
      "score_mean": -2.006255865097046,
      "use_risk_branch": true
    }
  ]
}