{
  "prototype_shared_sharp_negative_tail_support_agree_mix": {
    "score_mean": -2.2535622119903564,
    "score_std": 1.1963363885879517
  },
  "prototype_shared_sharp_negative_tail_support_agree_mix_hybrid": {
    "score_mean": -2.267974853515625,
    "score_std": 2.80275297164917
  }
}
