{
  "prototype_negative_tail_support_agree_mix": {
    "score_mean": -2.160956382751465,
    "score_std": 1.9002083539962769
  },
  "prototype_negative_tail_support_agree_mix_hybrid": {
    "score_mean": -3.102644443511963,
    "score_std": 1.7687208652496338
  }
}
