{
  "prototype_negative_tail_support_agree_mix": {
    "score_mean": -2.1141035556793213,
    "score_std": 1.1088982820510864
  },
  "prototype_negative_tail_support_agree_mix_hybrid": {
    "score_mean": -5.291980743408203,
    "score_std": 1.7923699617385864
  }
}
