variant,test_next_hop_accuracy,value_mae,average_regret,p95_regret,deadline_miss_rate
E3 matched,0.9631410470375648,5.86602522776677,2.5730624198913574,8.204767227172852,1.0
Calibration,0.9679487347602844,6.571367483872634,2.5730624198913574,8.204767227172852,1.0
Multiheavy,0.9634759942690532,6.035327545801798,2.3902015686035156,10.08024787902832,1.0
