{
  "prototype_negative_tail_support_agree_mix": {
    "score_mean": -2.1778757572174072,
    "score_std": 2.3082804679870605
  },
  "prototype_negative_tail_support_agree_mix_hybrid": {
    "score_mean": -2.111532688140869,
    "score_std": 1.0307872295379639
  }
}
