seed,variant,experiment,test_next_hop_accuracy,average_regret,p95_regret,deadline_miss_rate,gpu_hours
311,Multiheavy,e3_memory_hubs_rsm_round4_multiheavy_seed311,0.9522059033898747,1.5011754035949707,5.962328910827637,0.4375,0.07058892495102352
311,TailSelect,e3_memory_hubs_rsm_round5_multiheavy_tail_select_seed311,0.9534313924172345,1.5011754035949707,5.962328910827637,0.4375,0.13839229451285467
312,Multiheavy,e3_memory_hubs_rsm_round4_multiheavy_seed312,0.9473039367619682,1.9167025089263916,5.445607662200928,0.4375,0.06524410651789771
312,TailSelect,e3_memory_hubs_rsm_round5_multiheavy_tail_select_seed312,0.9546568779384389,1.9167025089263916,5.445607662200928,0.4375,0.08858979059590234
313,Multiheavy,e3_memory_hubs_rsm_round4_multiheavy_seed313,0.9750000198682149,0.5548397302627563,2.903914213180542,0.375,0.08878031657801734
313,TailSelect,e3_memory_hubs_rsm_round5_multiheavy_tail_select_seed313,0.9722222407658895,0.5548397302627563,2.903914213180542,0.375,0.08808374908235338
mean,Multiheavy,Multiheavy-mean,0.9581699533400192,1.3242392142613728,4.770616928736369,0.4166666666666667,0.07487111601564618
mean,TailSelect,TailSelect-mean,0.9601035037071877,1.3242392142613728,4.770616928736369,0.4166666666666667,0.10502194473037013
