{
  "prototype_sharp_negative_tail_support_agree_mix": {
    "score_mean": -1.596739411354065,
    "score_std": 2.1366159915924072
  },
  "prototype_sharp_negative_tail_support_agree_mix_hybrid": {
    "score_mean": -3.4209811687469482,
    "score_std": 3.2518763542175293
  }
}
