family,variant,budget_pct,slice,decisions,coverage,defer_precision,false_positive_rate,harmful_selection_rate,correction_rate,new_error_rate,base_target_match,system_target_match,mean_delta_regret,mean_delta_miss,selected_disagreement,average_outer_steps,compute_multiplier,runtime_proxy_multiplier,overall_delta_regret,large_gap_delta_regret,large_gap_harmful_selection_rate
baseline,multiheavy,0.0,hard_near_tie,1489,0.0,0.0,0.0,0.0,0.0,0.0,0.9053055742108798,0.9053055742108798,0.0,0.0,0.0,3.0,1.0,1.0,0.0,0.0,0.0
round12_ultralow,linear,0.1,hard_near_tie,1489,0.002686366689053056,0.0,1.0,0.0,0.0,0.0,0.9053055742108798,0.9053055742108798,0.0,0.0,0.0,3.005372733378106,1.0017909111260355,1.0017909111260355,0.0,0.0,0.0
round12_ultralow,margin_regime,0.5,hard_near_tie,1489,0.0047011417058428475,0.2857142857142857,0.7142857142857143,0.0,0.0047011417058428475,0.0,0.9053055742108798,0.9066487575554063,-0.007091324949040359,-0.000671591672263264,0.001343183344526528,3.009402283411686,1.003134094470562,1.003134094470562,-0.007483067963374014,-0.0065445123024125825,0.0
round12_ultralow,mlp,0.1,hard_near_tie,1489,0.001343183344526528,0.0,1.0,0.0,0.0,0.0,0.9053055742108798,0.9053055742108798,0.0,0.0,0.0,3.002686366689053,1.0008954555630176,1.0008954555630176,0.0,0.0,0.0
round12_committee,committee_only,0.5,hard_near_tie,1489,0.001343183344526528,1.0,0.0,0.0,0.001343183344526528,0.0,0.9053055742108798,0.9066487575554063,-0.0028674969183189757,0.0,0.001343183344526528,3.002686366689053,1.0008954555630176,1.0008954555630176,-0.008849727191725155,-0.0065445123024125825,0.0
round12_committee,margin_committee,0.75,hard_near_tie,1489,0.001343183344526528,1.0,0.0,0.0,0.001343183344526528,0.0,0.9053055742108798,0.9066487575554063,-0.0028674969183189757,0.0,0.001343183344526528,3.002686366689053,1.0008954555630176,1.0008954555630176,-0.00894355587210782,-0.0065445123024125825,0.0
round11_reference,margin_regime,2.0,hard_near_tie,1489,0.0584284754869039,0.0364977649637854,0.0,0.0,0.0020147750167897,0.0,0.9053055742108798,0.9073203492276696,-0.0089435987299604,-0.0006715916722632,0.0020147750167897,3.116856950973808,1.038952316991269,1.038952316991269,-0.0150732532234547,-0.0065445123024125,0.0
