{
  "prototype_memory_agree_blend": [
    {
      "split": "round11_feature_cache_seed315",
      "score_min": -4.9349470138549805,
      "score_max": -0.06329943984746933,
      "score_mean": -2.996309757232666,
      "use_risk_branch": false
    },
    {
      "split": "round11_feature_cache_seed316",
      "score_min": -4.049894332885742,
      "score_max": 2.0521936416625977,
      "score_mean": -0.7954634428024292,
      "use_risk_branch": false
    }
  ],
  "prototype_memory_agree_blend_hybrid": [
    {
      "split": "round11_feature_cache_seed315",
      "score_min": -5.3871917724609375,
      "score_max": 0.5339810848236084,
      "score_mean": -2.8522887229919434,
      "use_risk_branch": true
    },
    {
      "split": "round11_feature_cache_seed316",
      "score_min": -9.827126502990723,
      "score_max": 1.4999608993530273,
      "score_mean": -3.7308852672576904,
      "use_risk_branch": true
    }
  ]
}