{
  "prototype_sharp_negative_tail_support_agree_mix": {
    "score_mean": -2.00024676322937,
    "score_std": 0.9552047252655029
  },
  "prototype_sharp_negative_tail_support_agree_mix_hybrid": {
    "score_mean": -1.7595611810684204,
    "score_std": 1.0145726203918457
  }
}
